{
    "transform": [
        [
            -0.024185573682188988,
            0.015668094158172607,
            -0.9995847344398499,
            1.6038658618927002
        ],
        [
            0.9994057416915894,
            -0.024185573682188988,
            -0.024560345336794853,
            0.0804620087146759
        ],
        [
            -0.024560345336794853,
            -0.9995847344398499,
            -0.015073835849761963,
            2.2821431159973145
        ]
    ],
    "scale": 0.06387428259333573
}